"Date","Facebook","Pinterest","Twitter","Instagram","YouTube","Tumblr","reddit","LinkedIn","Fark","VKontakte"
2019-12,49.47,21.05,14.35,12.37,1.91,0.55,0.17,0.1,0,0.02
2020-01,47.84,20.4,15.59,13.49,1.87,0.37,0.23,0.16,0,0.05
2020-02,44.56,19.84,17.81,15.55,1.85,0.18,0.18,0.03,0,0
2020-03,38.35,17.27,21.18,18.79,3.76,0.26,0.17,0.22,0,0
2020-04,36.1,19.49,22.53,16.55,3.41,0.36,1.37,0.13,0,0.06
2020-05,54.66,31.85,5.39,2.83,4.06,0.75,0.4,0.06,0,0
2020-06,68.94,20.84,3.53,2.52,3.39,0.47,0.07,0.24,0,0
2020-07,66.79,21.59,3.94,2.38,4.4,0.44,0.19,0.27,0,0
2020-08,66.86,24.86,2.1,1.8,3.51,0.48,0.06,0.3,0.03,0
2020-09,64.26,26.96,2.22,2.19,3.19,0.74,0.19,0.15,0.11,0
2020-10,65.88,24.62,2.73,1.66,4.14,0.34,0.16,0.38,0.09,0
2020-11,58.71,26.88,6.99,2.47,3.77,0.63,0.34,0.17,0.04,0
2020-12,57.78,25.9,7.86,2.65,4.54,0.67,0.34,0.25,0,0
