"Date","Facebook","Twitter","Pinterest","YouTube","Instagram","VKontakte","LinkedIn","reddit","Tumblr","Other"
2019-12,70.09,11.93,6.85,4.21,5.37,0.64,0.27,0.5,0.1,0.03
2020-01,67.89,15.02,6.3,3.53,6.68,0.29,0.15,0.11,0.04,0
2020-02,76.24,9.65,5.62,3.08,4.98,0.14,0.12,0.09,0.06,0
2020-03,77.1,10.34,4.06,2.91,5.28,0.11,0.09,0.06,0.04,0
2020-04,81.04,8.31,3.34,2.95,4.01,0.09,0.07,0.1,0.07,0.02
2020-05,86.6,4.72,4.16,3.89,0.26,0.1,0.16,0.07,0.01,0.02
2020-06,86.86,4.85,5,2.57,0.39,0.12,0.11,0.07,0.03,0.01
2020-07,87.96,4.16,3.76,3.53,0.26,0.13,0.1,0.04,0.07,0
2020-08,87.47,4.06,4.79,3.01,0.32,0.11,0.16,0.05,0.02,0
2020-09,81.85,7.41,6.62,3.46,0.36,0.07,0.16,0.03,0.06,0
2020-10,81.34,6.55,7.8,3.7,0.34,0.06,0.12,0.05,0.04,0
2020-11,85.7,5.01,5.03,3.35,0.46,0.15,0.2,0.07,0.02,0
2020-12,80.7,7.08,6.04,5.13,0.58,0.06,0.34,0.07,0,0
