"Date","Facebook","YouTube","Twitter","Pinterest","Instagram","reddit","Google+","Tumblr","LinkedIn","VKontakte","news.ycombinator.com","Other"
2019-12,51.09,11.27,19.8,10.08,2.05,0.72,3.44,0.72,0.59,0.22,0.02,0
2020-01,47.87,9.26,24.51,10.29,3.92,0.71,2.1,0.63,0.47,0.21,0.02,0
2020-02,76.41,7.51,9.75,3.96,1.33,0.32,0.01,0.34,0.27,0.07,0,0.03
2020-03,44.95,21.21,23.9,7.66,1.85,0.15,0,0.15,0.05,0.06,0.01,0.01
2020-04,46.3,21.42,19.63,10.02,1.57,0.36,0,0.33,0.08,0.27,0.01,0
2020-05,72.28,9.69,5.61,10.81,0.37,0.47,0,0.32,0.07,0.38,0.01,0
2020-06,64.17,16.2,5.58,12.71,0.19,0.65,0,0.28,0.1,0.11,0.01,0
2020-07,59.13,20.87,4.52,14.34,0.23,0.43,0,0.26,0.09,0.1,0.02,0.01
2020-08,66.06,12.2,4.88,15.2,0.65,0.33,0,0.24,0.32,0.12,0.01,0
2020-09,53.98,16.63,5.51,21.75,0.91,0.43,0,0.28,0.32,0.17,0.02,0
2020-10,53.49,15.61,5.01,24.51,0.33,0.45,0,0.23,0.15,0.21,0.02,0
2020-11,67.6,14.66,4.45,12.25,0.24,0.35,0,0.19,0.09,0.13,0.02,0
2020-12,44.18,26.62,5.42,22.31,0.4,0.49,0,0.27,0.22,0.05,0.03,0.01
