"Date","Facebook","Pinterest","Twitter","Instagram","YouTube","Tumblr","LinkedIn","reddit","Fark","VKontakte","news.ycombinator.com","Other"
2019-12,51.07,18.04,18.28,10.61,1.2,0.23,0.24,0.31,0.01,0.01,0.01,0
2020-01,46.21,20.56,17.19,13.54,1.39,0.35,0.38,0.3,0.02,0.02,0.03,0.01
2020-02,47.61,19.72,16.29,14.16,1.44,0.27,0.19,0.23,0.03,0.06,0.01,0
2020-03,44.59,19.44,17.43,16.03,1.59,0.36,0.27,0.23,0.05,0.01,0.01,0
2020-04,41.12,18.67,20.3,17.12,1.7,0.39,0.44,0.24,0.01,0.01,0,0
2020-05,57.77,28.34,7.42,2.8,2.12,0.55,0.47,0.4,0.05,0.05,0.04,0
2020-06,51.38,32.93,8.24,3.96,1.81,0.67,0.54,0.38,0.03,0.03,0.02,0
2020-07,39.38,41.21,12,3.18,2.49,0.82,0.21,0.63,0.03,0,0.03,0.01
2020-08,42.06,33.1,15.87,3.89,2.86,1.06,0.54,0.58,0.01,0.03,0,0
2020-09,41.59,33.8,15.39,3.58,3.01,1.41,0.59,0.52,0.07,0,0.05,0
2020-10,33.83,42.53,16.08,3.05,3.4,0.49,0.21,0.36,0.04,0.01,0,0
2020-11,26.39,42.34,23.56,3.43,2.46,0.5,0.66,0.5,0.11,0.05,0.02,0
2020-12,37.06,33.21,22.2,4.09,1.82,0.43,0.67,0.36,0.12,0,0.04,0
