"Date","Facebook","Pinterest","Twitter","Instagram","YouTube","Tumblr","LinkedIn","reddit","VKontakte","Other"
2019-12,67.87,20.73,5.03,4.43,1.51,0.29,0.08,0.03,0.03,0
2020-01,67.42,20.95,5.75,4.27,1.2,0.22,0.03,0.1,0.03,0.02
2020-02,73.54,15.19,5.27,4.55,1.18,0.19,0.04,0.03,0.01,0.01
2020-03,74.69,13.08,5.41,5.06,1.54,0.15,0.07,0,0,0.01
2020-04,69.37,18.2,5.33,4.6,2.17,0.21,0.06,0.07,0,0
2020-05,83,13.4,1.35,0.11,1.43,0.52,0.05,0.12,0.03,0
2020-06,83.95,12.36,1.28,0.15,1.48,0.36,0.21,0.2,0.02,0
2020-07,81.83,13.54,1.5,0.22,2.41,0.2,0.11,0.17,0.02,0
2020-08,75.41,19.1,2.1,0.21,2.65,0.35,0.06,0.07,0.04,0
2020-09,74.98,19.83,1.9,0.22,2.37,0.34,0.22,0.12,0.02,0
2020-10,89.71,7.73,1.16,0.16,0.95,0.16,0.04,0.03,0.05,0
2020-11,76.93,15.31,4.36,0.17,2.21,0.33,0.04,0.05,0.6,0.01
2020-12,75.76,17.24,4.15,0.24,1.72,0.28,0.12,0.1,0.39,0
