"Date","Pinterest","Facebook","Instagram","YouTube","Twitter","VKontakte","Tumblr","reddit","LinkedIn","Fark","news.ycombinator.com","Other"
2019-12,25.03,24.49,22.51,14.66,9.3,3.37,0.25,0.22,0.1,0,0.06,0
2020-01,27.18,19.17,26.72,11.05,12.31,3.29,0.13,0.11,0.03,0,0.03,0
2020-02,44.07,16.13,21.73,8.71,5.98,2.97,0.14,0.13,0.05,0,0,0.09
2020-03,25.36,21.01,24.88,14.11,10.96,3.34,0.21,0.1,0.02,0,0,0
2020-04,24.47,31.93,17.11,15.6,8.17,2.21,0.26,0.2,0.03,0,0.01,0.01
2020-05,31.85,36.67,9.27,13.66,5.4,2.39,0.45,0.29,0.02,0,0.01,0
2020-06,30.26,35.52,5.13,12.38,13.55,2.23,0.6,0.25,0.08,0,0,0
2020-07,40.24,27.38,3.46,19.24,5.11,3.33,0.64,0.42,0.16,0,0.03,0
2020-08,36.02,29.37,4.6,20.25,3.89,4.33,0.51,0.67,0.32,0,0.01,0.03
2020-09,37.54,24.43,5.21,21.1,3.56,7.1,0.37,0.49,0.17,0,0.01,0
2020-10,36.02,26.77,4.73,22.1,4.46,4.86,0.41,0.48,0.06,0,0.11,0
2020-11,31.19,32.09,6.35,16.82,5.86,3.76,1.08,1.19,1.03,0.55,0.08,0
2020-12,29.88,36.78,6.13,17.2,5.17,3.91,0.27,0.33,0.27,0.01,0.04,0
