"Date","Facebook","Pinterest","Twitter","YouTube","Instagram","Tumblr","reddit","LinkedIn","Vimeo"
2019-12,60.33,22.61,7.07,4.85,4.99,0,0.14,0,0
2020-01,49.94,14.09,25.83,4.82,5.19,0.12,0,0,0
2020-02,69.86,12.75,7.17,4.53,5.48,0,0.21,0,0
2020-03,68.8,12.99,12.4,2.95,2.76,0.1,0,0,0
2020-04,53.66,23.02,11.28,5.79,5.95,0.3,0,0,0
2020-05,73.86,16.69,4.09,4.88,0.31,0,0.16,0,0
2020-06,73.82,13.58,7.87,3.74,0,0.59,0.39,0,0
2020-07,65.33,22.17,7.78,3.54,0.24,0.71,0.24,0,0
2020-08,65.59,18.95,9.73,4.74,0.25,0.5,0.25,0,0
2020-09,71.97,20.43,4.75,1.43,0.71,0.24,0.24,0,0.24
2020-10,77.45,13.34,5.37,3.07,0.15,0.46,0,0.15,0
2020-11,71.09,15.85,7.49,5.14,0.21,0.21,0,0,0
2020-12,72.1,11.88,13.54,1.93,0,0.55,0,0,0
