"Date","Facebook","Pinterest","Twitter","YouTube","Instagram","reddit","Tumblr","LinkedIn","VKontakte"
2019-12,71.09,2.34,20.31,2.34,3.91,0,0,0,0
2020-01,51.28,5.13,34.62,1.28,7.69,0,0,0,0
2020-02,53.74,6.12,31.29,5.44,2.72,0,0,0.68,0
2020-03,73.17,4.27,18.29,0.61,3.05,0,0,0,0.61
2020-04,69.72,11.93,11.93,3.67,0,0.92,0.92,0.92,0
2020-05,60.83,9.17,25,5,0,0,0,0,0
2020-06,62.4,4,27.2,4.8,1.6,0,0,0,0
2020-07,68.63,7.84,18.63,1.96,0,2.94,0,0,0
2020-08,54.9,15.69,29.41,0,0,0,0,0,0
2020-09,59.65,1.75,37.72,0.88,0,0,0,0,0
2020-10,62.28,7.02,21.93,7.02,0.88,0,0,0,0.88
2020-11,13.56,79.78,6.44,0,0,0,0.22,0,0
2020-12,72.46,2.9,24.64,0,0,0,0,0,0
