"Date","Facebook","Pinterest","Twitter","Instagram","YouTube","Tumblr","reddit","LinkedIn","VKontakte","news.ycombinator.com","StumbleUpon","Vimeo","Google+","Other"
2019-12,37.58,17.36,14.75,20.97,4.21,3.31,1.01,0.32,0.25,0.17,0.03,0,0.04,0.01
2020-01,35.45,16.6,16.45,22.51,3.87,3.05,1.14,0.45,0.17,0.13,0.02,0.06,0.09,0.01
2020-02,32.95,16.97,16.74,24.91,3.93,2.69,1.02,0.43,0.22,0.08,0.03,0,0,0.01
2020-03,33.19,15.51,19.91,23.33,4.3,1.99,1.14,0.32,0.17,0.08,0.04,0,0,0.01
2020-04,32.81,19.77,17.51,21.3,4.34,2.28,1.43,0.23,0.13,0.12,0.02,0.06,0,0.01
2020-05,47.97,29.55,7.61,2.94,5.21,3.49,2.5,0.31,0.18,0.23,0,0,0,0.02
2020-06,45.99,26.73,12.35,3.04,5.1,3.65,2.37,0.38,0.21,0.17,0,0,0,0.01
2020-07,43.08,31.12,12.29,3.01,4.6,2.93,2.12,0.37,0.16,0.32,0,0,0,0.01
2020-08,46.48,27.29,12.43,2.74,4.58,3.6,1.83,0.61,0.22,0.21,0,0,0,0.01
2020-09,45.83,27.53,13.68,2.97,4.47,2.73,1.82,0.48,0.19,0.29,0,0,0,0.02
2020-10,44.21,27.34,15.6,2.87,4.72,2.02,1.82,0.8,0.31,0.28,0.02,0,0,0.01
2020-11,41.71,26.65,18.76,3.02,4.56,2.19,1.87,0.77,0.18,0.23,0.04,0,0.01,0.02
2020-12,41.21,31.16,14.05,4.84,4,1.92,1.65,0.65,0.15,0.34,0.03,0,0,0.02
