"Date","Facebook","YouTube","Twitter","Pinterest","Instagram","VKontakte","Tumblr","reddit","LinkedIn","Other"
2019-12,57.15,5.08,11.79,9.68,15.79,0.36,0.08,0.04,0.02,0
2020-01,62.49,4.3,10.53,9.32,12.89,0.26,0.07,0.07,0.04,0.04
2020-02,57.46,4.18,11.77,9.15,17.11,0.18,0.06,0.05,0.04,0
2020-03,66.26,4.24,12.42,4.86,12.01,0.09,0.05,0.04,0.03,0
2020-04,64.68,6.6,13.71,4.93,9.81,0.14,0.06,0.05,0.02,0
2020-05,63.6,18.02,6.58,9.45,2.06,0.09,0.12,0.05,0.02,0
2020-06,61.16,22.15,5.84,9.16,1.42,0.07,0.14,0.05,0.01,0
2020-07,61.17,22.71,5.36,8.82,1.67,0.06,0.12,0.06,0.02,0
2020-08,76.68,7.31,3.91,9.43,2.41,0.07,0.1,0.05,0.03,0
2020-09,67.82,11.04,5.3,12.48,2.97,0.11,0.16,0.08,0.04,0
2020-10,66.24,14.64,4.82,12.57,1.28,0.15,0.15,0.1,0.04,0
2020-11,67.73,15.13,5.55,9.21,1.87,0.15,0.15,0.15,0.06,0
2020-12,64.96,12.37,7.18,13.62,1.55,0.05,0.07,0.11,0.07,0.01
